10%,10%,
20%,20%,
30%,30%,
7-digit clinic code,7桁の医療機関コード,
8-digit insurer number (required except for 自費),8桁の保険者番号（自費を除き必須）,
About,概要,
Accomplished,完了,
Account,勘定科目,
Accounting,経理,
Acoustic Statistics,音響統計,
Active,Active,
Actual Date,実績日,
Additional Conditions,追加条件,
Additional event metadata,追加イベントメタデータ,
Advanced Trigger Settings,詳細トリガー設定,
Advised,通知済,
Advising Bank,通知銀行,
Advising Charge,通知手数料,
AI Advice,AIアドバイス,
AI Assessment,AI評価,
AI Features,AI機能,
AI-generated summary of the month,AIが生成した月次サマリー,
AI Insights,AIインサイト,
Air,航空,
Aircraft,航空機,
Air Freight,航空運賃,
Airline,航空会社,
Airline Master,航空会社マスタ,
Airline Name,航空会社名,
Airline Prefix,航空会社プレフィックス,
Airport,空港,
Airport of Departure,出発空港,
Airport of Destination,到着空港,
Air Waybill,航空運送状,
AI Summary,AI要約,
Alias,別名一致,
Aliases,別名,
All,All,
All months already have reports generated.,すべての月のレポートは生成済みです。,
Allowed,可,
Amended,修正申告,
Amended From,修正元,
Amendment Date,アメンド日,
Amendment Number,アメンド番号,
Amendments,条件変更,
Amendment Type,アメンド種別,
Amount,金額,
Amount Change,金額変更,
Amount (Company Currency),金額（会社通貨）,
Analysis Confidence,分析確信度,
Analysis Count,分析回数,
Analysis Interval (seconds),分析間隔（秒）,
Analysis Settings,分析設定,
Analysis Time (min),分析時間（分）,
Anxiety,不安,
Anxiety and uncertainty level (0-1),不安・不確実性レベル（0-1）,
Anxiety/Uncertainty,不安/不確実性,
api,api,
API Settings,API設定,
apology_phrase,apology_phrase,
Apology Phrase,謝罪フレーズ,
Applicant (Buyer),開設依頼人（買主）,
Applicant Type,開設依頼人タイプ,
Application Date,申請日,
Approved,承認済,
Archived,アーカイブ済,
Arrived,到着済,
ATA,実際入港日,
ATD,実際出港日,
Auto Compliance Check,自動コンプライアンスチェック,
Auto Create Landed Cost,ランデッドコスト自動生成,
Auto Create Shipment from Purchase Order,発注書から貿易案件を自動作成,
Auto Create Shipment from Sales Order,受注書から貿易案件を自動作成,
Automation,自動化,
Average anxiety level (0-1),平均不安レベル（0-1）,
Average cognitive load (0-1),平均認知負荷（0-1）,
Average confidence/assertiveness (0-1),平均自信/自己主張度（0-1）,
Average emotional stability (0-1),平均情緒安定性（0-1）,
Average PS score from meetings (0-1),ミーティングの平均PSスコア（0-1）,
Average silence duration in milliseconds,平均沈黙時間（ミリ秒）,
Average stress level (0-1),平均ストレスレベル（0-1）,
Avg Anxiety/Uncertainty,平均不安/不確実性,
Avg Cognitive Load,平均認知負荷,
Avg Confidence,平均自信度,
Avg Error Tolerance,平均エラー許容度,
Avg PS Score,平均PSスコア,
Avg Psychological Safety,平均心理的安全性,
Avg Respect Score,平均尊重スコア,
Avg Speak Up Score,平均発言スコア,
Avg Stability,平均安定性,
Avg Stress Load,平均ストレス負荷,
AWB Number,AWB番号,
AWB Prefix (3-digit),AWBプレフィックス（3桁）,
AWB Type,AWB種別,
Back-to-Back,バックトゥバック,
BAF,BAF,
Balance,残高,
Balance of speaking time (0-1),発言時間のバランス（0-1）,
Banks,銀行,
Basic Information,基本情報,
batch,batch,
BATCH-.YYYY.-.MM.-,BATCH-.YYYY.-.MM.-,
Beneficiary Change,受益者変更,
Beneficiary (Seller),受益者（売主）,
Beneficiary Type,受益者タイプ,
Billed,請求済,
Bill of Lading,船荷証券,
Bills of Lading,船荷証券一覧,
B/L Number,B/L番号,
Blocked,ブロック,
B/L or AWB No,B/LまたはAWB番号,
B/L Status,B/Lステータス,
B/L Type,B/L種別,
Booked,ブッキング済,
Booking Confirmed,ブッキング確認済,
Brokerage Fee,通関手数料,
Broker Name,通関業者名,
Built Year,建造年,
Bulk,ばら積み船,
Buyer,買主,
Buyer Address,買主住所,
CAF,CAF,
Cancelled,Cancelled,
Cargo,貨物,
Cargo Loaded,貨物積込,
Cargo Ready,貨物準備完了,
Cargo Ready Date,貨物準備完了日,
Carrier,運送人,
Catch-All Number,キャッチオール番号,
Certificate of Origin,原産地証明書,
CFS,CFS,
Chargeable Weight,課金重量,
Chargeable Weight (kg),課金重量（kg）,
Charges,費用,
Charge Type,費目種別,
Chart Data,チャートデータ,
chat,chat,
Check Date,チェック日時,
Checked Entity,チェック対象,
Check Type,チェック種別,
Clear,クリア,
Clinic Information,医療機関情報,
Cognitive Load,認知負荷,
Collect,着払い,
Commercial Invoice,商業送り状,
Commercial Invoice Item,商業送り状明細,
Commercial Invoices,商業送り状一覧,
Commodity,品目,
Commodity Description,品名,
Company,会社,
Company Codes,会社コード,
Company Exporter Code,会社輸出者コード,
Company Importer Code,会社輸入者コード,
Completed,完了,
Compliance Match Entry,照合マッチエントリ,
Composite score (0-100) based on all metrics,全指標に基づく総合スコア（0-100）,
Conditions,条件,
Confidence,確信度,
Confidence/Assertiveness,自信/自己主張,
Confidence level (0-1),確信度レベル（0-1）,
Confidence level of analysis (0-1),分析の確信度（0-1）,
Confirming Bank,確認銀行,
Consignee,荷受人,
Consignee Address,荷受人住所,
Consignee Name,荷受人名,
Consignee Type,荷受人タイプ,
Consumption Tax,消費税,
Consumption Tax Amount,消費税額,
Consumption Tax Rate (%),消費税率（%）,
Contact Person,担当者,
Container,コンテナ船,
Container No,コンテナ番号,
Container Pickup,コンテナピックアップ,
Container Returned,コンテナ返却,
Containers,コンテナ,
Container Type,コンテナタイプ,
CoO Item,原産地証明明細,
CoO Number,証明書番号,
CoO Type,証明書種別,
Cost Center,コストセンター,
Country,国,
Country of Destination,仕向国,
Country of Origin,原産国,
Currency,通貨,
Customer,顧客,
Customs Broker,通関業者,
Customs Cleared,通関済,
Customs & Compliance,通関・コンプライアンス,
Customs Declaration,通関申告,
Customs Declaration Item,通関申告明細,
Customs Declarations,通関申告一覧,
Customs Duty,関税,
Customs Duty Report,関税レポート,
Customs Office,所属税関,
Customs Tariff Rate,関税率マスタ,
Customs Value,課税価格,
Customs Value (CIF/FOB),課税価格（CIF/FOB）,
Customs Value (JPY),課税価格（円）,
Daily Stress Data,日次ストレスデータ,
Dangerous,危険物,
Data Retention Days,データ保持日数,
Date Listed,掲載日,
Date of Issue,発行日,
Date Removed,削除日,
Dates,日付,
Declarant,申告者,
Declarant (Customs Broker),申告者（通関業者）,
Declaration Date,申告日,
Declaration Items,申告明細,
Declaration Number,申告番号,
Declaration Type,申告種別,
Declining,低下中,
Decreasing,減少中,
Default Customs Broker,デフォルト通関業者,
Default Export Incoterm,デフォルト輸出インコタームズ,
Default Freight Forwarder,デフォルトフォワーダー,
Default Import Incoterm,デフォルト輸入インコタームズ,
Defaults,デフォルト設定,
Delivered,配達済,
Delivery Date,配達日,
Delivery Note,納品書,
Demurrage Start,デマレージ開始日,
Denied Party,取引禁止者,
Description,説明,
Description of Goods,貨物明細,
Description of what triggered this event,このイベントのトリガーの説明,
Details,詳細,
Diagnoses,診断,
Dimensions,寸法,
Dimensions (L x W x H cm),寸法（長さ x 幅 x 高さ cm）,
Discharged,荷揚済,
Disease Master,傷病マスタ,
Documentation Fee,書類作成費,
Document Date,書類日付,
Document Name/Number,書類名/番号,
Document Requirements,要求書類変更,
Documents,書類,
Document Type,書類種別,
Draft,下書き,
Drawn Amount,引出済金額,
Dual Use,デュアルユース,
Dual Use Item,デュアルユース品目,
Duration (seconds),所要時間（秒）,
Duty,関税,
Duty Amount,関税額,
Duty Rate (%),関税率（%）,
DWT (tons),載貨重量トン数,
Effective From,適用開始日,
Effective To,適用終了日,
Email,メール,
Emotional stability (0-1),情緒安定性（0-1）,
Employee,従業員,
Employee record not found,従業員レコードが見つかりません,
Empty,空,
Enable AI Document Check,AI書類チェックを有効化,
Enable AI HS Suggestion,AI HSコード推定を有効化,
Enable Individual Mode,個人モードを有効化,
Enable Meeting Mode,ミーティングモードを有効化,
Encounter Diagnosis,診察診断,
Encounters,診察,
Encounter Service Line,診察サービス明細,
ENC-.YYYY.-.MM.-,ENC-.YYYY.-.MM.-,
End Time,終了時刻,
Entity Name,エンティティ名,
Entity Type,エンティティ種別,
Entry ID,エントリID,
EPA,EPA税率,
ERPNext Integration,ERPNext連携,
ERPNext References,ERPNext参照,
Error,エラー,
Error Tolerance,エラー許容度,
Escalated,エスカレーション,
Estimated Time of Arrival,入港予定日,
Estimated Time of Departure,出港予定日,
ETA,入港予定日,
ETD,出港予定日,
EU Consolidated,EU統合リスト,
Evidence,根拠,
Exact,完全一致,
Exchange Rate,為替レート,
Exchange Rate (Customs),税関レート,
Executive Summary,エグゼクティブサマリー,
Exempt,非課税,
Expired,期限切れ,
Expiry Date,有効期限,
Expiry Extension,期限延長,
Export,エクスポート,
Export Control,輸出管理,
Export Control Classification,輸出管理分類,
Exported,エクスポート済,
Exporter,輸出者,
Exporter Address,輸出者住所,
Export License Required,輸出許可要,
Express,エクスプレス,
Failed to generate report,レポートの生成に失敗しました,
Failed to load available months,利用可能な月の読み込みに失敗しました,
Failed to load report,レポートの読み込みに失敗しました,
Fee,診療報酬,
Fee Schedule Revision,診療報酬改定,
Filler Rate,フィラー率,
Finance & Credit,金融・信用状,
"First day of the report month (e.g., 2026-01-01)",2026-01-01),
Flag Country,船籍国,
Flight Date,出発日,
Flight No,便名,
FOB Value,FOB価額,
Focus Areas,重点領域,
Forwarder Name,フォワーダー名,
Frappe Support,Frappeサポート,
Free Days,フリータイム日数,
Freedom to speak up (0-1),発言の自由度（0-1）,
Freight,運賃,
Freight Forwarder,フォワーダー,
FTA/EPA Agreement,適用EPA/FTA,
Fully Drawn,全額引出済,
Fuzzy,あいまい一致,
Gemini API Key,Gemini APIキー,
General,一般,
Generate,生成,
Generate a report for {0}?,{0}のレポートを生成しますか？,
Generated,生成済,
Generated At,生成日時,
Generate Monthly Report,月次レポートを生成,
Generate New Report,Generate Newレポート,
Google Speech API Key,Google Speech APIキー,
Gross Weight,総重量,
Gross Weight (kg),総重量（kg）,
GSP,GSP税率,
GSP Form A,特恵関税フォームA,
Hedge Count per Min,ヘッジ表現回数/分,
hedge_increase,hedge_increase,
Hedge Words,ヘッジ表現,
High Severity,高重要度,
High Severity Triggers,高重要度トリガー,
Hit,ヒット,
House AWB,ハウスAWB,
House B/L,ハウスB/L,
HS Code,HSコード,
Humidity (%),湿度（%）,
IATA Code,IATAコード,
ICAO Code,ICAOコード,
ICD-10,ICD-10,
ICD-10コード,ICD-10コード,
IMO Number,IMO番号,
Import,輸入,
Important events during the meeting,ミーティング中の重要イベント,
Importer/Exporter,輸出入者,
Importer/Exporter Code,輸出入者コード,
Importer/Exporter Type,輸出入者タイプ,
Improvement suggestion,改善提案,
Improving,改善中,
Incoterm,インコタームズ,
Increasing,増加中,
Individual,個人,
Individual Analysis,個人分析,
Individual Analysis Metrics,個人分析指標,
Individual Analysis Result,個人分析結果,
Info,情報,
Inland,内陸,
Inland Transport,国内輸送費,
Insurance,保険,
Insurance & Fee,保険・診療報酬,
Internal Notes,社内メモ,
Interpersonal respect (0-1),対人尊重度（0-1）,
interruption,interruption,
Interruption,割り込み,
In Transit,輸送中,
Invalid audio data: {0},無効な音声データ: {0},
Invalid mode. Must be 'Individual' or 'Meeting',無効なモードです。'Individual' または 'Meeting' を指定してください,
Invoice Amount,インボイス金額,
Invoice Currency,インボイス通貨,
Invoice Date,請求日,
Invoice No,請求書番号,
Irrevocable,取消不能,
Irrevocable Confirmed,確認付取消不能,
Is Active,有効,
Is Landed Cost,ランデッドコスト対象,
Issued,発行済,
Issuing Authority,発行機関,
Issuing Bank,開設銀行,
Item Code,品目コード,
Item Name,品目名,
Items,明細,
Japan METI,経産省,
JIFFA Member,JIFFA会員,
JSON array of focus areas for improvement,改善重点領域のJSON配列,
JSON data for daily stress chart,日次ストレスチャートのJSONデータ,
JSON data for trigger type breakdown,トリガー種類内訳のJSONデータ,
JSON data for weekly summary,週次サマリーのJSONデータ,
Keyboard Shortcuts,キーボードショートカット,
Key Moments,重要な瞬間,
Landed Cost Voucher,ランデッドコスト伝票,
Latest Shipment Date,最終船積期限,
Latitude,緯度,
LC Amendment,L/Cアメンド,
L/C Amount,L/C金額,
L/C Number,L/C番号,
L/C Type,L/C種別,
L/C Utilization,L/C利用状況,
Letter of Credit,信用状,
Letters of Credit,信用状一覧,
License Number,通関業免許番号,
Line Code,SCAC,
Line Name,船社名,
Link to ERPNext Employee (optional),ERPNext従業員へのリンク（任意）,
List Name,リスト名,
List of evidence points,根拠のリスト,
List Source,リストソース,
Loaded,積載済,
Loading...,読み込み中...,
Loading report...,レポートを読み込み中...,
Location,位置情報,
Log out,ログアウト,
Longitude,経度,
Marks and Numbers,荷印・番号,
Master AWB,マスターAWB,
Master B/L,マスターB/L,
Masters,マスタ,
Matched Entries,マッチエントリ,
Matched Name,マッチ名,
Match Score (%),マッチスコア（%）,
Match Type,マッチ種別,
Maximum silence duration in milliseconds,最大沈黙時間（ミリ秒）,
Measurement,容積,
Measurement (CBM),容積（CBM）,
Medical Receipt,診療報酬明細書,
Medical Receipt Settings,診療報酬明細書設定,
Medical Service Master,診療行為マスタ,
Meeting,Meeting,
Meeting Analysis,ミーティング分析,
Meeting Analysis Metrics,ミーティング分析指標,
Meeting Analysis Result,ミーティング分析結果,
Meeting Details,ミーティング詳細,
meetings analyzed,分析済みミーティング,
Meetings Analyzed,分析済みミーティング数,
Meeting Title,ミーティングタイトル,
Mental effort level (0-1),精神的努力レベル（0-1）,
Metadata,メタデータ,
Milestone,マイルストーン,
Mind Analyzer,マインドアナライザー,
Mind Analyzer Admin,マインドアナライザー管理者,
Mind Analyzer Dashboard,マインドアナライザーダッシュボード,
Mind Analyzer Manager,マインドアナライザーマネージャー,
Mind Analyzer User,マインドアナライザーユーザー,
Mode,モード,
Mode Settings,モード設定,
Monthly Report,月次レポート,
Monthly Wellness Report,月次ウェルネスレポート,
Most Common,最多,
Most Common Trigger,最多トリガー,
Multimodal,マルチモーダル,
Named Place,指定地,
Naming Series,採番シリーズ,
Nature of Goods,貨物性質,
Negotiation Charge,買取手数料,
Net Weight,純重量,
Net Weight (kg),純重量（kg）,
New Value,新値,
No active session found,アクティブなセッションが見つかりません,
No active session found with this ID,このIDのアクティブなセッションが見つかりません,
No AI summary available,AI要約はありません,
No analysis data found for this month,この月の分析データが見つかりません,
Non-Preferential,一般原産地証明,
No recommendations available,推奨事項はありません,
No Report Available,レポートはありません,
No reports found,レポートが見つかりません,
Not Allowed,不可,
Notes,備考,
Notify Party,通知先,
Notify Party Address,通知先住所,
Notify Party Name,通知先名,
Ocean Freight,海上運賃,
OFAC SDN,OFAC SDN,
Old Value,旧値,
On Board Date,船積日,
Opening Charge,開設手数料,
Optional: For enhanced speech recognition,オプション: 音声認識の精度向上用,
Organization,組織,
Organization Dashboard,組織ダッシュボード,
Original Count,原本通数,
Original Issued,原本発行済,
Original Management,原本管理,
Originals Received Date,原本受領日,
Originals Released Date,原本リリース日,
Origin Criterion,原産地基準,
Other,その他,
Out of Scope,対象外,
Overall PS Score,全体PSスコア,
Overall psychological safety (0-1),全体の心理的安全性（0-1）,
Overall Score,全体スコア,
Overall Summary,全体サマリー,
Overall Trend,全体トレンド,
Overall Wellness Score,全体ウェルネススコア,
overlap,overlap,
Overlap,重複,
Packages,梱包数,
Packing Date,梱包日,
Packing List,梱包明細書,
Packing List Item,梱包明細書明細,
Paid,支払済,
Partial,部分一致,
Partially Drawn,一部引出済,
Partial Shipments,分割船積,
Participants Count,参加者数,
Parties,当事者,
Patient,患者,
Patient Encounter,診察,
Patient Insurance Info,患者保険情報,
Payment,支払,
Payment Terms,支払条件,
Perishable,生鮮,
Permission Date,許可日,
Personalized recommendations from AI,AIによるパーソナライズされた推奨事項,
Phone,電話番号,
Pickup Date,ピックアップ日,
Pieces,個数,
Place of Delivery,配達地,
Place of Issue,発行地,
Place of Receipt,受取地,
Planned Date,予定日,
Please select at least 2 reports to compare,比較するレポートを2件以上選択してください,
Please specify report_name or report_month,report_name または report_month を指定してください,
Port Code (UN/LOCODE),港コード（UN/LOCODE）,
Port Master,港湾マスタ,
Port Name,港名,
Port Name (Japanese),港名（日本語）,
Port of Discharge,揚港,
Port of Loading,積港,
Port Type,港種別,
Possible Match,一致可能性,
Posting Date,記帳日,
Power Balance,パワーバランス,
power_imbalance,power_imbalance,
Power Imbalance,パワーの不均衡,
Preferential Agreement,適用協定名,
Preferential (EPA/FTA),特恵原産地証明,
Preferential Rate (%),特恵税率（%）,
Prepaid,前払い,
Presentation Period (Days),書類提示期間（日）,
Program,プログラム,
PS Score,PSスコア,
Psychological Metrics,心理的指標,
Psychological Safety,心理的安全性,
Psychological Safety Metrics,心理的安全性指標,
Public Expense,公費,
Published,公開済,
Purchase Invoice,仕入請求書,
Purchase Order,発注書,
Purchase Receipt,入荷伝票,
Qty,数量,
Rate,単価,
Rate of filler words,フィラー語の割合,
Rate per kg,kg単価,
Rate Type,税率種別,
Ratio of speech to total time (0-1),発話時間の割合（0-1）,
RCEP,RCEP原産地証明,
RCP-.YYYY.-.MM.-,RCP-.YYYY.-.MM.-,
Reason,理由,
Receipt,レセプト,
Receipt Batch,レセプトバッチ,
Receipt Detail Line,レセプト明細行,
Receipt Validation Log,レセプト検証ログ,
Recommendations,推奨事項,
Reefer Settings,リーファー設定,
Re-Export,再輸出,
Regions,対応地域,
Re-Import,再輸入,
Rejected,不許可,
Released,リリース済,
Remarks,備考,
Report for this month already exists,この月のレポートは既に存在します,
Report for this month already exists: {0},この月のレポートは既に存在します: {0},
Report generated successfully,レポートが正常に生成されました,
Report generated successfully!,レポートが正常に生成されました！,
Report Month,レポート月,
Report not found for this month,この月のレポートが見つかりません,
Reports,レポート,
Reports & Analysis,レポート・分析,
Required Documents,要求書類,
Respect,尊重,
Respect Interaction,尊重的なやり取り,
Restart Count per Min,言い直し回数/分,
restart_increase,restart_increase,
Result,結果,
Return Date,返却日,
Returned,返戻,
Review,確認,
Review Date,確認日時,
Review Decision,確認結果,
Reviewed By,確認者,
Review Notes,確認メモ,
Revolving,回転,
RMS Level,RMSレベル,
RMS Variance,RMS分散,
Root mean square audio level,音声のRMSレベル,
RoRo,RoRo船,
Route,ルート,
Routing,経由地,
Sales Invoice,売上請求書,
Sales Order,受注書,
Sanctions,制裁リスト,
Sanctions List Entry,制裁リストエントリ,
Sanctions Screening,制裁リスト照合,
SCAC Code,SCACコード,
Schedule,スケジュール,
Schedule Milestones,スケジュールマイルストーン,
Score,スコア,
Sea FCL,海上FCL,
Sea LCL,海上LCL,
Seal No,シール番号,
Seaport,港湾,
Sea Waybill,海上運送状,
Select a month to view the report or generate a new one.,レポートを表示する月を選択するか、新しいレポートを生成してください。,
Select a report...,レポートを選択...,
Select Month,月を選択,
Select Report,選択レポート,
Seller,売主,
Seller Address,売主住所,
Series,連番,
Services,診療行為,
Session,セッション,
Session ID,セッションID,
Session not found,セッションが見つかりません,
sessions,セッション,
Sessions,セッション,
Settings,設定,
Severity,重要度,
Shipment Date Change,船積日変更,
Shipment Details,船積情報,
Shipment Type,案件種別,
Shipped,船積済,
Shipper,荷送人,
Shipper Address,荷送人住所,
Shipper Name,荷送人名,
Shipper Type,荷送人タイプ,
Shipping Line,船社,
Shipping Line Name,船社名,
Silence Max (ms),最大沈黙時間（ms）,
Silence Mean (ms),平均沈黙時間（ms）,
silence_spike,silence_spike,
Silence Spike,沈黙スパイク,
Silence Spike Count per Min,沈黙スパイク回数/分,
Silence Spike Threshold (ms),沈黙スパイク閾値（ms）,
Source,ソース,
Source of the analysis data,分析データのソース,
Source URL,ソースURL,
Speaker Statistics,発話者統計,
Speaking time and interaction stats per speaker,発話者ごとの発言時間と対話統計,
Speak Up,発言,
Specialties,得意分野,
Specifications,仕様,
Specific Duty,従量税額,
Specific Duty Unit,従量税単位,
Speech Metrics,音声指標,
speech_rate_change,speech_rate_change,
Speech Rate Change,発話速度変化,
Speech Rate Change Percent,発話速度変化率,
Speech Rate (relative),発話速度（相対値）,
Speech rate relative to baseline (1.0 = normal),基準に対する発話速度（1.0=通常）,
Speech Ratio,発話率,
Speech Restarts,言い直し,
Stability,安定性,
Stable,安定,
Standby,スタンドバイ,
Start Time,Start Time,
Statistical Value,統計価格,
Statistics,統計,
Status,ステータス,
Stress,ストレス,
Stress Level,ストレスレベル,
Stress level (0-1),ストレスレベル（0-1）,
Stress Load,ストレス負荷,
Stress Trend,ストレストレンド,
Subdivision (State/Prefecture),行政区画（州/都道府県）,
Submission,提出,
Submitted,提出済,
Subtotal,小計,
Suggestion,提案,
Summary,サマリー,
Supplier,仕入先,
Surrendered,サレンダー済,
System Health,システムヘルス,
System Manager,システム管理者,
Tanker,タンカー,
Tare Weight,風袋重量,
Tare Weight (kg),風袋重量（kg）,
Target,対象,
Tax,税金,
Taxable,課税,
Tax Category,税区分,
Taxes,税額,
Temperature (°C),温度（°C）,
Temporary,暫定税率,
TEU Capacity,TEU容量,
THC,THC,
Threshold for trigger detection (0-1),トリガー検出の閾値（0-1）,
Time,時刻,
Timestamp,タイムスタンプ,
Tolerance (%),許容誤差率（%）,
Tolerance for mistakes (0-1),ミスへの許容度（0-1）,
Total Amount,合計金額,
Total Analysis Time (min),合計分析時間（分）,
Total Charge,合計料金,
Total Charges,費用合計,
Total Consumption Tax,消費税額合計,
Total Duty,関税額合計,
Total Gross Weight,総重量,
Total Gross Weight (kg),総重量（kg）,
Total Local Tax,地方消費税額合計,
Total Net Weight,純重量,
Total Net Weight (kg),純重量（kg）,
Total Packages,総梱包数,
Totals,合計,
Total Sessions,合計セッション数,
Total Taxes,税額合計,
Total Triggers,合計トリガー数,
Total Triggers Detected,検出トリガー総数,
Total Value,貨物総額,
Total Volume,総容積,
Total Volume (CBM),総容積（CBM）,
Tracking URL Template,追跡URLテンプレート,
Trade Charge,費目,
Trade Compliance Check,コンプライアンスチェック,
Trade Container,コンテナ情報,
Trade Document Link,貿易書類リンク,
Trade Documents,貿易書類,
Trade / Export Control,貿易・輸出管理,
Trade Management,貿易管理,
Trade Operations,貿易業務,
Trade Schedule,スケジュール,
Trade Settings,貿易管理設定,
Trade Shipment,貿易案件,
Trade Shipment Item,案件明細,
Trade Shipments,貿易案件一覧,
Trade Shipment Summary,貿易案件サマリー,
Trade Terms,貿易条件,
Transferable,譲渡可能,
Transport Details,輸送手段詳細,
Transport Mode,輸送手段,
Transshipment,積替え,
Trigger Analysis,トリガー分析,
Trigger Breakdown Data,トリガー内訳データ,
Trigger Count,トリガー数,
Triggers Detected,検出トリガー,
Trigger severity (0-1),トリガー重要度（0-1）,
Triggers with severity > 0.7,重要度 > 0.7 のトリガー,
Trigger Threshold,トリガー閾値,
Trigger Trend,トリガートレンド,
Trigger Type,トリガー種類,
Under Review,審査中,
UN Security Council,国連安保理,
Untitled Meeting,無題のミーティング,
UOM,単位,
User,ユーザー,
User Settings,ユーザー設定,
Validated,検証済,
Validation,検証,
Validity,Validity,
Valuable,貴重品,
Valuation Charge,従価料金,
Value,価額,
Value Change,値変更,
Variance in RMS level,RMSレベルの分散,
Vessel,船舶,
Vessel Arrived,船舶到着,
Vessel Departed,船舶出港,
Vessel / Flight,船名/便名,
Vessel Master,船舶マスタ,
Vessel Name,船名,
Vessel Type,船舶タイプ,
Voice Analysis Session,音声分析セッション,
Voice Analyzer Settings,音声アナライザー設定,
Voice Trigger Event,音声トリガーイベント,
Volume (CBM),容積（CBM）,
Volume Metrics,音量指標,
Volume Weight,容積重量,
Volume Weight (kg),容積重量（kg）,
Voyage No,航海番号,
Warehousing,倉庫費用,
Warning,警告,
Website,ウェブサイト,
Week,週,
Weekly Summary Data,週次サマリーデータ,
Weekly Trend,週次トレンド,
Weight Charge,重量料金,
Weight & Volume,重量・容積,
Workflow State,Workflow State,
Worsening,悪化中,
WTO,WTO税率,
You already have an active session. Please end it first.,アクティブなセッションがあります。先に終了してください。,
You don't have permission to analyze in this session,このセッションで分析する権限がありません,
You don't have permission to cancel this session,このセッションをキャンセルする権限がありません,
You don't have permission to end this session,このセッションを終了する権限がありません,
You don't have permission to perform cleanup,クリーンアップを実行する権限がありません,
You don't have permission to use Mind Analyzer,マインドアナライザーを使用する権限がありません,
You don't have permission to view department reports,部門レポートを表示する権限がありません,
You don't have permission to view Mind Analyzer,マインドアナライザーを表示する権限がありません,
You don't have permission to view organization reports,組織レポートを表示する権限がありません,
You don't have permission to view other users' data,他のユーザーのデータを表示する権限がありません,
You don't have permission to view team reports,チームレポートを表示する権限がありません,
You don't have permission to view this report,このレポートを表示する権限がありません,
You don't have permission to view this session,このセッションを表示する権限がありません,
You don't have permission to view trigger reports,トリガーレポートを表示する権限がありません,
エクスポートファイル,エクスポートファイル,
エクスポート日時,エクスポート日時,
エラー件数,エラー件数,
オンライン,オンライン,
オンライン診療,オンライン診療,
カナ,カナ,
コード,コード,
ステータス,ステータス,
セッション詳細の読み込みに失敗しました,セッション詳細の読み込みに失敗しました,
その他,その他,
チェック名,チェック名,
デフォルト保険種別,デフォルト保険種別,
バッチ,バッチ,
ビデオ会議,ビデオ会議,
リハビリ,リハビリ,
リハビリテーション科,リハビリテーション科,
リンク先の Video Meeting ID,リンク先の Video Meeting ID,
レセプト,レセプト,
レセプト件数,レセプト件数,
三重県,三重県,
中止,中止,
主病,主病,
主病名,主病名,
事務部,事務部,
京都府,京都府,
会議URL,会議URL,
住所,住所,
佐賀県,佐賀県,
保険種別,保険種別,
保険種別フィルタ,保険種別フィルタ,
保険者番号,保険者番号,
保険請求額,保険請求額,
備考,備考,
傷病コード,傷病コード,
傷病名,傷病名,
公費,公費,
公費負担者番号,公費負担者番号,
兵庫県,兵庫県,
内科,内科,
処置,処置,
分類,分類,
初再診,初再診,
副病,副病,
副病名,副病名,
北海道,北海道,
区分,区分,
医学管理,医学管理,
医療機関コード,医療機関コード,
医療機関名称,医療機関名称,
千葉県,千葉県,
受給者番号,受給者番号,
合計点数,合計点数,
合計金額,合計金額,
名称,名称,
和歌山県,和歌山県,
回数,回数,
国保,国保,
在宅,在宅,
埼玉県,埼玉県,
外科,外科,
大分県,大分県,
大阪府,大阪府,
奈良県,奈良県,
女,女,
宮城県,宮城県,
宮崎県,宮崎県,
家族,家族,
富山県,富山県,
対面,対面,
小児科,小児科,
小計点数,小計点数,
山口県,山口県,
山形県,山形県,
山梨県,山梨県,
岐阜県,岐阜県,
岡山県,岡山県,
岩手県,岩手県,
島根県,島根県,
広島県,広島県,
後期高齢者,後期高齢者,
徳島県,徳島県,
性別,性別,
患者保険,患者保険,
患者名,患者名,
患者氏名,患者氏名,
愛媛県,愛媛県,
愛知県,愛知県,
手術,手術,
投薬,投薬,
提出方法,提出方法,
提出期限日,提出期限日,
改定,改定,
改定内容,改定内容,
改定名称,改定名称,
放射線科,放射線科,
整形外科,整形外科,
新潟県,新潟県,
施行日,施行日,
明細,明細,
有効,有効,
本人,本人,
本人/家族,本人/家族,
東京都,東京都,
栃木県,栃木県,
検査,検査,
死亡,死亡,
沖縄県,沖縄県,
治癒,治癒,
泌尿器科,泌尿器科,
注射,注射,
滋賀県,滋賀県,
点単位価格,点単位価格,
点数,点数,
点検日時,点検日時,
点検者,点検者,
熊本県,熊本県,
現行点数表,現行点数表,
生年月日,生年月日,
生成時自動点検,生成時自動点検,
産婦人科,産婦人科,
男,男,
画像診断,画像診断,
略称,略称,
発症日,発症日,
皮膚科,皮膚科,
眼科,眼科,
石川県,石川県,
社保,社保,
神奈川県,神奈川県,
福井県,福井県,
福岡県,福岡県,
福島県,福島県,
秋田県,秋田県,
種別,種別,
紙,紙,
継続,継続,
群馬県,群馬県,
耳鼻咽喉科,耳鼻咽喉科,
自己負担割合,自己負担割合,
自己負担額,自己負担額,
自費,自費,
茨城県,茨城県,
被保険者番号,被保険者番号,
診療形態,診療形態,
診療日,診療日,
診療科,診療科,
診療行為,診療行為,
診療行為コード,診療行為コード,
診療行為名称,診療行為名称,
診療記録,診療記録,
詳細,詳細,
請求年,請求年,
請求月,請求月,
警告件数,警告件数,
資格取得日,資格取得日,
資格喪失日,資格喪失日,
転帰,転帰,
適用終了日,適用終了日,
適用開始日,適用開始日,
都道府県,都道府県,
長崎県,長崎県,
長野県,長野県,
電子,電子,
青森県,青森県,
静岡県,静岡県,
香川県,香川県,
高知県,高知県,
鳥取県,鳥取県,
鹿児島県,鹿児島県,
